sample_id,kyam_true,Yw_in,L_in,TL_in,TG_out,TG_in,TL_out
0,4.5479,0.017438,6.8644,305.9593,296.4548,286.7263,299.0002
1,3.8778,0.013911,5.4285,306.8748,295.0188,285.8405,297.4992
2,4.7172,0.008673,7.4075,306.497,296.3416,287.0829,296.7983
3,4.3947,0.016185,4.9639,306.0846,295.3585,286.1765,297.0409
4,3.1884,0.006267,6.1536,307.251,293.6488,285.4201,296.9509
5,4.9512,0.016616,4.7366,306.719,296.0751,286.7808,296.8563
6,4.5223,0.01385,5.9812,307.8711,296.6547,286.1646,297.7891
7,4.5721,0.006661,4.6099,306.494,294.0792,285.2691,292.3301
8,3.2562,0.006193,4.6463,307.5274,293.1525,285.1421,294.8355
9,3.9008,0.016263,6.4489,306.9375,295.4635,286.3674,299.2674
10,3.7416,0.009394,5.0551,307.4658,293.9553,285.2189,295.61
11,4.8535,0.01834,4.6895,307.0021,295.9078,285.7416,297.6697
12,4.2877,0.016431,7.7191,306.994,296.3047,285.4381,299.8302
13,4.6455,0.015473,4.172,307.7634,295.9011,285.9626,295.9338
14,3.8868,0.009179,6.2606,306.5852,294.8399,285.578,296.7983
15,3.4545,0.015634,6.1931,306.2114,294.6649,285.9655,298.9813
16,4.1092,0.019222,5.0024,307.2427,295.5092,285.8427,298.9969
17,3.1276,0.006373,5.8111,307.7452,293.4063,285.1907,296.9544
18,4.6553,0.009892,4.351,305.956,294.6016,285.9555,293.5517
19,4.2633,0.00852,6.8851,307.209,295.4882,285.4287,296.8545
20,4.5162,0.010899,4.8868,307.6494,295.5198,286.3967,295.2744
21,3.7091,0.016135,4.7735,307.426,294.4169,285.2362,297.737
22,4.9414,0.012114,5.2595,307.8172,295.8738,285.0785,295.6154
23,4.7862,0.013561,7.6095,306.8508,296.7972,285.0858,298.405
24,4.5568,0.009712,7.1859,307.227,296.2808,285.9973,297.4666
25,3.3893,0.007119,7.7876,306.4981,294.4819,285.8175,297.9216
26,3.9334,0.009004,6.6078,308.1802,295.6083,286.6835,297.5928
27,3.0876,0.017895,6.6517,306.774,294.1557,285.8798,300.2893
28,3.3086,0.014036,5.9201,307.4671,294.5484,285.9593,299.0014
29,4.3661,0.01067,7.6207,306.9679,296.0745,286.3041,297.9935
30,4.4895,0.016849,6.0435,306.9897,295.8415,284.9987,298.3322
31,4.935,0.005967,5.4202,307.5038,295.6098,285.7917,293.1698
32,3.6517,0.008808,6.5615,307.0816,294.516,285.735,297.4471
33,3.7409,0.008452,6.1846,307.6235,294.7705,286.0937,297.0768
34,3.9391,0.01978,4.4961,306.7757,294.6627,285.124,298.2824
35,3.3789,0.015591,5.5709,307.4267,294.8169,286.7297,298.9164
36,3.2598,0.014267,5.2533,306.5282,294.4775,286.4912,298.1789
37,3.9514,0.005075,7.3873,306.7908,294.7996,284.7616,296.697
38,3.4538,0.007765,5.5154,307.0032,294.3351,286.1948,296.2354
39,4.3396,0.014533,7.2862,306.0309,296.2797,286.412,298.4443
40,3.8743,0.010696,5.7696,306.0148,294.3981,285.446,296.4932
41,4.6654,0.018864,7.014,307.0637,296.9777,286.781,300.1246
42,4.4005,0.016471,4.5411,307.1536,295.7004,286.4176,297.1203
43,3.6247,0.011711,7.6986,307.3481,295.9367,286.7487,299.439
44,4.6645,0.016243,5.9222,306.0369,296.3273,286.9035,297.9075
45,4.6095,0.019631,5.0392,306.6583,295.58,285.205,298.1774
46,3.775,0.011915,4.966,306.3629,294.2364,285.9436,295.8347
47,3.5767,0.014638,5.0603,307.6899,294.7002,286.277,297.8299
48,4.365,0.01878,5.4669,307.7139,296.3067,285.2519,299.097
49,3.2795,0.00873,6.8701,306.4992,294.0513,285.6831,298.0192
50,3.3998,0.018298,7.7984,307.2329,295.6971,286.8795,301.4198
51,3.0147,0.006463,6.6761,306.2256,293.0962,285.2282,297.1863
52,4.5738,0.014727,6.1887,306.4402,295.7757,286.2096,297.7393
53,4.3297,0.016743,5.7944,306.3493,295.783,286.6851,298.3437
54,4.4103,0.014219,7.3128,306.5291,296.1574,285.9946,298.4398
55,4.5615,0.012433,7.3986,307.1962,296.4263,286.2005,298.4874
56,3.9178,0.01426,5.1722,307.8003,295.7722,286.8336,297.8267
57,4.1375,0.007275,7.8137,306.3481,295.3685,286.0411,297.1936
58,3.2796,0.008234,5.5805,307.0489,293.5534,285.3811,296.8095
59,3.2291,0.009048,7.2003,307.4906,294.1663,285.0735,298.6173
60,4.3368,0.013967,7.8673,308.0039,297.1795,286.6774,299.6368
61,3.9422,0.011629,6.8146,307.2077,295.2151,285.7539,298.1884
62,4.1305,0.008667,4.6462,306.7162,294.3219,286.0203,293.8832
63,4.53,0.018242,6.3445,307.2527,296.2601,284.9763,299.107
64,4.2694,0.010609,4.4751,306.5925,294.5395,285.9165,294.3184
65,4.1072,0.01169,7.1566,308.0226,296.5028,286.4298,298.6406
66,4.1184,0.011146,5.1253,306.9612,294.6212,286.0217,296.0345
67,3.6079,0.007729,6.7809,307.2568,295.3458,286.7467,297.8423
68,3.0616,0.015974,7.6404,306.034,293.8876,285.7208,300.4194
69,3.8734,0.011727,4.724,306.6688,294.3628,286.0833,295.6874
70,3.4292,0.005244,5.5714,307.4326,294.5383,286.497,296.024
71,3.8171,0.01946,6.5885,307.247,295.6002,285.7917,300.1386
72,4.7068,0.017236,5.6786,306.723,296.319,285.8937,298.1739
73,3.4679,0.015853,4.6993,307.8581,294.9636,286.5675,298.5345
74,3.1166,0.018036,4.1163,307.6797,294.2153,285.9888,298.3132
75,3.5628,0.018602,5.6264,306.5445,294.8283,286.0495,299.4705
76,3.5872,0.010062,6.5968,307.5385,295.1391,286.9874,298.0891
77,4.3238,0.014164,6.2959,306.9794,295.6466,285.2162,297.9273
78,4.1141,0.014132,4.625,307.3411,294.9195,285.6883,296.5909
79,4.5678,0.009009,5.8028,306.8088,295.0265,284.8864,295.0793
80,4.3286,0.008329,5.4779,306.4555,294.8313,285.7119,294.6777
81,3.8128,0.006709,5.0968,307.6471,293.9747,285.3651,294.5444
82,4.628,0.01489,6.9171,307.6977,296.9932,286.1597,298.9139
83,3.3339,0.016714,5.2386,307.7977,294.2452,285.2971,299.1273
84,3.0454,0.016414,6.1606,307.8493,294.6153,286.5291,300.5445
85,3.1801,0.009744,7.6929,307.5802,294.5066,285.2304,299.6645
86,4.4447,0.008079,6.1571,307.5881,295.7558,285.7685,295.8234
87,3.9238,0.011804,6.4681,307.4839,295.4239,285.651,298.1316
88,3.3225,0.013202,4.293,306.7232,293.9238,286.7402,296.5026
89,4.0021,0.018786,4.7125,306.8771,295.1292,285.9834,298.2607
90,3.3046,0.018122,4.4038,306.4526,294.0215,285.6178,298.462
91,4.3926,0.018741,7.0593,307.413,297.1553,286.7263,300.6678
92,3.8923,0.017754,7.3437,306.7368,295.815,286.0125,300.1126
93,3.762,0.019469,4.7458,306.7296,294.8913,285.6494,298.8072
94,3.603,0.011982,4.8771,306.9836,294.8487,286.614,296.4472
95,4.2606,0.005712,5.2928,306.8558,294.5538,285.8208,293.8152
96,3.7236,0.006253,6.3643,306.5175,293.827,285.0622,295.6913
97,3.1753,0.010854,6.4872,307.3316,294.5376,285.8762,298.9528
98,3.236,0.008865,6.747,307.8874,294.0313,285.3364,298.3051
99,4.9238,0.007549,7.6208,306.0585,296.0456,285.4063,296.1528
100,4.8172,0.019298,5.1802,306.3113,296.1181,286.5517,298.0846
101,4.3994,0.007931,6.635,306.8085,295.234,285.3184,295.8594
102,3.5317,0.019391,6.2389,307.4802,295.8563,286.8795,300.7185
103,4.9384,0.016413,5.2233,307.5437,297.0384,287.2379,297.5458
104,4.5575,0.014614,7.6297,306.4959,296.2863,286.2068,298.8458
105,4.4338,0.01514,4.3819,307.6083,295.5368,286.2993,296.4972
106,3.8987,0.009972,6.848,306.4101,295.3898,286.6978,297.4133
107,3.5445,0.014696,6.9115,306.7334,295.6992,287.0926,299.3526
108,3.1928,0.0078,7.6613,307.8422,294.645,285.6565,299.2146
109,4.8052,0.019066,6.0743,306.5461,296.398,285.5252,298.5068
110,3.9116,0.009527,5.2865,306.3459,294.5239,285.8093,295.4083
111,3.4047,0.008828,7.311,306.7195,294.6307,286.3107,298.6455
112,3.6119,0.015667,7.0832,307.1172,295.1246,285.4396,299.9026
113,4.1584,0.014847,6.0013,307.9256,296.1563,286.4794,298.6057
114,3.3535,0.011769,7.0714,307.8026,294.6429,285.1621,299.439
115,4.7132,0.014487,5.0715,306.309,295.9212,286.8854,296.398
116,4.517,0.007392,6.358,305.9733,295.0993,285.4289,295.0764
117,4.4389,0.0151,7.4607,307.7966,296.4026,285.0746,299.1869
118,3.8642,0.009059,5.2719,306.5857,294.1577,285.0925,295.3428
119,4.2546,0.009093,5.9342,307.8999,295.0759,285.4719,296.1096
120,4.1682,0.007433,7.8042,307.3068,295.5978,285.5685,297.8871
121,4.2997,0.009986,7.1928,306.1751,295.1736,285.3648,297.0211
122,3.1689,0.009969,7.5482,307.9373,294.4114,285.826,299.6202
123,3.8316,0.011813,5.541,306.3988,294.3078,285.2923,296.6619
124,3.0832,0.007856,7.986,306.9816,294.0669,285.7097,299.0315
125,3.988,0.007895,4.6103,307.2532,294.3298,285.6703,293.8811
126,3.6597,0.013126,6.0751,307.0584,294.9896,285.8499,297.9449
127,3.289,0.006933,5.9171,307.3327,293.7822,285.6157,296.9762
128,3.2068,0.015333,7.1937,307.092,294.0673,285.0552,300.3489
129,4.1753,0.019159,7.6345,308.0772,296.473,285.2268,300.6651
130,3.3412,0.011402,6.9246,308.1771,294.6107,285.514,299.0395
131,4.8502,0.018517,6.5073,307.0337,297.2213,286.6867,299.0364
132,4.1621,0.006475,5.7097,306.195,294.8472,287.0574,294.8441
133,3.6937,0.005644,6.0413,307.6488,294.9609,286.9961,296.2188
134,4.1818,0.015821,6.0372,307.7068,296.2549,286.1522,298.7355
135,3.0456,0.016415,4.0815,306.455,293.6412,285.8837,297.7271
136,4.9171,0.017646,6.0122,306.9164,296.7181,285.5352,298.268
137,3.9646,0.005852,7.4239,306.8644,295.6169,286.891,296.719
138,4.5655,0.016654,6.8371,306.1501,296.25,286.6823,298.6447
139,3.1655,0.010648,7.1828,307.2433,294.7585,286.6771,299.3864
140,3.9733,0.00955,5.5619,306.7792,295.1197,286.5915,296.1405
141,3.9814,0.007595,6.1159,307.567,295.2875,285.7625,295.9989
142,4.8757,0.01994,4.1339,307.6591,296.792,286.5579,297.8105
143,4.1435,0.005955,5.532,307.5119,295.5191,286.4584,294.6668
144,3.947,0.017405,5.8977,306.9188,295.0333,285.8081,299.0541
145,3.534,0.014592,5.0208,306.778,294.8935,286.8343,297.5383
146,3.6631,0.016026,4.125,307.4766,293.9649,285.2616,297.1016
147,4.0413,0.015676,6.7616,307.8243,296.5691,287.1272,299.4545
148,3.8778,0.017877,5.7404,306.9108,295.7791,286.4822,299.2599
149,3.0432,0.007757,5.6627,307.6269,293.2739,285.2819,297.3493
150,4.6526,0.005012,4.9999,306.14,294.7291,286.2325,292.3896
151,4.7923,0.013978,6.1513,307.9707,296.4337,285.1877,297.7674
152,3.2805,0.010308,5.7521,306.0866,293.968,286.4321,297.1653
153,4.1081,0.006857,5.8959,305.9539,294.9112,286.5168,295.2808
154,3.2172,0.007792,6.3235,307.1205,294.1009,286.2933,297.6163
155,4.3445,0.009976,4.0253,306.0198,294.3101,286.3799,293.1712
156,3.5625,0.006054,7.6308,305.9942,294.0637,285.054,297.1474
157,4.3188,0.005854,4.2843,305.8172,293.5266,285.6157,291.7535
158,4.454,0.01874,5.8037,306.8745,295.9281,285.7354,298.883
159,4.5373,0.009682,4.8295,307.4888,294.8664,285.2987,294.4841
160,3.2155,0.019733,6.0951,305.9215,294.3829,285.9925,300.1338
161,4.832,0.019466,5.1209,307.4318,296.4253,285.3189,298.4751
162,3.4604,0.007139,7.44,307.6788,294.7883,285.7799,298.1841
163,3.0748,0.015724,5.5854,306.4275,293.7678,285.8752,299.0001
164,4.1097,0.014012,6.555,306.1205,295.6547,286.4273,298.3027
165,3.7418,0.01536,4.9955,307.5398,294.8494,285.5963,297.944
166,4.6596,0.006443,4.0776,307.4656,294.7627,287.038,291.9863
167,4.6165,0.007828,5.6166,307.226,295.4173,285.7012,294.7846
168,3.6343,0.00615,6.1459,307.6147,294.6017,285.5607,296.3003
169,4.9058,0.014062,5.8382,306.2101,296.0754,286.0791,296.6507
170,3.5818,0.019799,7.8481,306.5875,295.6672,286.2089,301.3366
171,4.0301,0.01508,6.8274,307.277,295.6221,285.5911,299.3617
172,3.5119,0.015661,7.9827,306.333,295.0866,286.0347,300.3936
173,4.8721,0.019769,5.1802,307.4531,296.2999,285.3968,298.7333
174,3.3292,0.01517,7.1562,306.996,294.732,285.6327,299.8819
175,3.0898,0.005603,6.2222,307.6545,294.0319,286.2051,297.4048
176,3.8702,0.018005,6.447,306.7711,295.4541,285.8505,299.634
177,4.9848,0.01047,7.9434,306.8533,297.023,286.4989,297.6556
178,4.7834,0.005065,6.6159,306.4639,295.5041,285.5724,294.5864
179,4.4972,0.012609,7.5953,306.4648,296.5249,286.8321,298.3751
180,4.7816,0.019055,6.903,307.453,297.7443,286.7708,300.0432
181,4.7869,0.00886,4.5095,306.2946,295.0497,286.746,293.1592
182,4.0377,0.012373,6.7977,306.1872,295.6033,286.7467,298.0643
183,3.6319,0.007607,5.9373,306.2488,293.7587,285.5018,296.0795
184,4.544,0.005865,7.6752,306.2921,295.7469,286.0375,296.2285
185,4.3233,0.006208,7.2273,307.7171,296.0283,285.3684,296.6997
186,3.7473,0.015905,4.4165,306.544,294.7891,286.8208,297.3179
187,3.1889,0.017961,4.5357,307.3224,294.572,286.456,298.7898
188,4.4936,0.007149,4.2784,306.5023,293.4532,285.6676,292.1085
189,3.5249,0.009325,5.973,306.9546,295.0739,287.0318,297.3403
190,4.8736,0.007925,4.3231,306.9852,294.332,284.9512,292.2921
191,3.4819,0.005403,6.8947,307.0483,294.6153,285.8295,296.6603
192,3.2455,0.013301,6.2094,307.6233,294.6386,286.4487,299.2994
193,4.6622,0.015499,7.3435,307.7367,296.913,285.2079,299.1681
194,3.3066,0.014718,5.1192,307.7198,294.2809,286.1459,298.429
195,3.3585,0.010821,6.0766,306.4099,294.5237,286.6684,297.6385
196,4.1988,0.013325,4.4699,306.4845,294.4379,285.1207,295.5018
197,4.7491,0.006411,7.5384,307.2842,296.3033,286.1029,296.3522
198,3.3929,0.007315,4.7,306.6361,293.2065,285.4715,294.5853
199,3.6206,0.018977,4.4094,307.3932,294.7931,286.3833,298.7336
200,4.5548,0.016423,4.8202,307.2603,295.4066,285.5217,296.9568
201,4.9437,0.018841,7.2249,306.9706,297.545,286.614,300.1175
202,4.0015,0.01875,4.4233,307.8628,295.8861,286.655,298.6472
203,3.2878,0.014741,6.4577,307.3683,294.3593,285.5875,299.6511
204,3.0279,0.018924,6.9847,306.3833,293.965,285.587,300.6291
205,3.4593,0.011251,7.0043,305.8219,294.4868,286.347,298.4129
206,3.2636,0.005054,4.7602,307.2062,293.4646,286.4702,294.6513
207,4.3553,0.005939,4.2465,307.037,294.0313,285.7658,292.0533
208,3.2437,0.006642,5.7952,306.0506,293.3691,285.6981,295.9424
209,4.0127,0.00643,4.8099,306.8011,293.7924,285.1389,293.6792
210,4.3885,0.010276,6.7971,307.5867,296.5492,287.1191,297.4852
211,4.1622,0.015519,5.4268,308.1302,295.7419,285.94,297.7066
212,3.3996,0.01686,5.7974,307.0409,295.3185,286.5447,299.1869
213,4.6082,0.013853,4.4539,306.7756,295.4459,285.9711,295.4167
214,4.4308,0.007197,6.2702,306.2626,295.7204,286.9439,295.1942
215,4.478,0.016219,4.7421,307.214,295.3938,285.3454,296.9647
216,3.2621,0.010322,6.7159,306.7276,293.8989,285.3583,297.9524
217,3.2475,0.005195,4.2847,306.903,293.4308,286.8398,293.8083
218,4.8551,0.009209,7.9036,307.402,297.3684,287.0673,297.5052
219,3.7952,0.009959,6.7381,306.1679,294.4495,285.6012,297.3211
220,3.6019,0.009114,4.7269,305.4908,293.8666,285.7953,294.7618
221,3.9772,0.017178,4.0564,306.7137,294.5356,285.9248,296.8246
222,4.3257,0.016399,5.3379,308.0368,295.9567,285.8547,298.2338
223,4.9112,0.015433,4.6113,307.3804,295.7419,285.5466,296.4842
224,3.5729,0.007085,4.8736,306.3915,294.0721,286.8223,294.8279
225,4.8496,0.017118,7.491,307.6906,297.2368,285.276,299.5052
226,3.0497,0.015158,6.4128,306.8622,294.4097,286.6759,299.9128
227,4.1104,0.007923,4.7058,306.8154,293.866,285.3405,294.0006
228,4.268,0.014721,6.2266,307.8753,295.7372,285.2462,298.2096
229,3.2118,0.012253,5.0231,306.1778,294.0983,286.3383,296.9373
230,3.2807,0.01159,7.9048,306.4919,294.2613,285.4689,299.5064
231,3.8382,0.006682,4.131,307.3392,293.7969,286.2543,292.7876
232,4.9325,0.012775,6.9293,306.3685,296.0346,285.0364,297.5244
233,4.1921,0.006499,7.092,307.429,296.1223,287.0322,296.8893
234,4.866,0.007464,4.2687,306.3662,294.6859,286.4567,292.0722
235,4.6087,0.006988,4.6875,306.2496,294.6935,286.5531,292.8334
236,3.9348,0.019312,5.5372,306.3833,294.7266,285.3491,299.2647
237,4.5695,0.009273,7.4726,307.2247,295.9525,285.5595,297.0262
238,3.0357,0.010328,6.148,306.3836,293.5334,285.615,297.9264
239,3.2183,0.009831,6.6212,305.9726,294.1649,285.9587,297.9849
240,4.6589,0.018474,7.1321,307.5066,296.9589,285.5518,299.9701
241,4.5936,0.013444,7.3125,306.7128,296.193,285.2312,298.2979
242,3.4653,0.018787,5.9051,306.9384,294.8123,285.7323,299.9926
243,4.0615,0.009499,6.0352,306.2715,294.6687,285.2909,295.9417
244,4.212,0.006723,6.872,306.6735,295.3358,285.7686,296.3495
245,4.7355,0.013343,5.0534,306.7269,295.4937,285.5748,295.5895
246,4.2062,0.010183,7.418,307.2934,295.633,285.2764,297.8972
247,3.8251,0.017029,4.0831,306.6095,294.6506,286.5566,297.0948
248,3.7484,0.018191,4.7831,308.1439,295.1487,285.7797,298.4894
249,3.8518,0.012089,7.2008,308.0259,295.5639,285.5937,299.1771
250,4.3039,0.01957,5.361,306.3734,295.92,286.0135,298.815
251,4.735,0.013295,4.5993,306.2058,295.5425,286.7768,295.3221
252,3.9078,0.009064,4.747,306.5269,294.0756,285.7225,294.637
253,3.4957,0.012335,6.123,307.495,295.1353,286.3531,298.3015
254,3.4733,0.00556,7.3847,306.2114,294.8644,287.1835,297.312
255,4.492,0.01706,4.2826,307.7729,295.7594,285.9948,296.936
256,4.6331,0.006522,4.1219,307.5289,295.0293,286.7836,291.875
257,3.2106,0.009631,5.8607,307.5098,294.6551,286.7923,298.0744
258,3.1331,0.01348,7.8247,307.0826,294.1721,285.0944,300.3223
259,4.1889,0.005645,5.116,308.0404,294.8252,285.8789,294.0018
260,3.2923,0.00619,7.8367,306.0442,294.2992,286.6527,298.3223
261,4.6493,0.015442,7.5507,306.6219,296.9083,286.8299,299.1606
262,3.6207,0.006077,5.1325,306.7822,293.9016,285.9426,294.6447
263,3.2877,0.012156,7.2678,307.7935,294.5011,285.1826,299.4954
264,4.8419,0.01008,6.7435,306.9795,296.2824,286.2386,296.6874
265,3.3311,0.008421,6.0473,307.704,293.7138,285.0306,297.4238
266,3.5694,0.007832,5.6917,305.9239,294.5024,286.2295,296.107
267,3.3072,0.016451,7.262,307.824,295.3963,286.4966,300.5636
268,3.231,0.019273,7.1723,307.1016,294.8343,286.5109,301.213
269,3.0423,0.007103,7.0277,307.0068,294.2199,286.8558,298.1049
270,3.1108,0.019395,7.993,308.128,295.2073,286.0475,302.519
271,3.3493,0.013921,5.914,306.7514,294.8045,286.4081,298.4561
272,3.1068,0.014625,7.2277,306.7823,294.668,286.7381,300.2244
273,4.1823,0.015649,7.4499,307.1959,296.5224,286.6773,299.8633
274,4.3614,0.015562,4.8464,306.2567,295.4937,286.6534,296.7986
275,3.7873,0.017297,4.1683,306.4319,293.9723,285.2976,297.1514
276,3.636,0.012252,5.619,306.4921,294.135,286.1976,297.2097
277,4.0091,0.013,7.4269,306.1344,295.1967,285.3582,298.1871
278,4.75,0.009857,5.1564,307.8706,296.0868,286.6736,294.8509
279,4.7023,0.006579,6.8,306.9582,296.1655,286.5388,295.7558
280,3.087,0.01497,4.0294,306.5099,293.3512,285.8324,297.2044
281,3.363,0.005504,5.4215,306.9083,292.9373,285.458,295.0762
282,3.4735,0.009135,6.4621,306.6498,294.2895,285.7397,297.2571
283,3.4988,0.006413,4.519,307.372,293.9542,286.4146,294.0355
284,4.1425,0.007861,7.5864,307.7066,295.9183,285.182,297.9248
285,3.8325,0.014581,4.6251,307.8408,294.565,284.931,296.9584
286,3.0985,0.014427,7.6392,306.875,294.6405,286.8509,300.4205
287,3.7472,0.011316,4.8656,306.562,294.6906,286.1981,296.0651
288,4.0475,0.006353,7.9771,307.145,295.466,285.4581,297.345
289,3.2033,0.011501,6.419,307.0405,294.0445,285.6662,298.508
290,4.6669,0.010291,4.3374,307.0372,295.5966,286.9349,293.6583
291,3.1039,0.015807,4.2611,307.1158,294.1282,286.4074,298.0681
292,4.8497,0.013685,4.2997,307.0288,295.6907,286.1973,294.9675
293,3.1982,0.012373,6.3596,306.5813,293.7735,285.9137,298.5937
294,4.6871,0.012305,7.2383,306.7881,296.1255,285.4405,297.7018
295,4.8053,0.019494,5.6119,306.9224,296.1377,284.9485,298.6805
296,4.9591,0.016344,5.7793,306.2641,296.7206,286.51,297.6598
297,4.6041,0.012455,6.3572,306.44,295.2825,284.9419,296.6954
298,4.559,0.012188,6.1322,307.2464,295.8448,285.0532,296.9666
299,4.285,0.005397,6.7522,306.3893,295.8013,286.3248,295.9564
300,4.558,0.019138,5.8871,306.2117,296.5116,286.5673,299.1399
301,3.2691,0.009788,6.8554,306.9602,294.5454,286.3071,298.6806
302,4.0721,0.008839,7.9892,307.6178,296.2114,285.8404,298.4143
303,4.0284,0.019991,5.4012,306.3214,295.4746,285.8943,299.367
304,4.7151,0.01578,4.0489,307.8061,295.7197,285.7459,296.0011
305,3.9256,0.00571,4.5025,307.8484,293.9569,285.543,293.1053
306,3.7702,0.005928,6.2141,307.4561,294.7662,286.0696,295.9612
307,4.2791,0.005383,5.377,307.7048,294.9879,285.7541,293.8784
308,3.5329,0.013994,7.7599,306.073,294.9707,286.0912,299.575
309,3.2795,0.006073,6.5098,308.1089,294.6576,286.627,297.4869
310,3.9558,0.019001,6.0814,306.7195,296.4329,287.1403,299.9163
311,3.8338,0.019054,7.1922,307.8081,295.7176,284.9397,300.9831
312,3.4651,0.013191,5.0344,307.2316,294.4204,285.7377,297.3144
313,3.735,0.01425,7.279,306.0347,294.8433,285.1409,299.0317
314,3.7328,0.009378,4.0122,306.074,293.1164,285.3916,293.6175
315,3.655,0.00596,6.4787,307.578,294.7634,285.6283,296.8108
316,3.7589,0.016062,7.739,307.1189,295.5319,285.2814,300.123
317,4.3715,0.006527,7.1514,305.9514,295.2172,286.7212,295.9369
318,3.5938,0.006283,7.4145,307.3667,294.8269,285.9619,298.0594
319,4.8977,0.009668,5.5878,308.0184,296.201,286.7853,295.2142
320,4.8327,0.005187,7.297,307.1411,295.8204,284.9697,295.4663
321,3.9618,0.011511,6.2033,306.8599,295.0492,285.216,297.3951
322,3.6567,0.015615,6.4742,305.6109,294.7078,286.119,299.0531
323,4.0709,0.01702,4.2357,307.2962,294.7452,284.9803,297.3585
324,4.6971,0.014065,4.8062,306.6981,295.2101,285.5306,295.4378
325,4.3052,0.017703,6.2039,307.5948,296.8868,287.0989,299.1964
326,4.6088,0.011098,4.2352,306.6889,294.6714,285.2002,293.8437
327,4.0654,0.017732,6.9658,307.1401,296.0611,285.3617,299.8401
328,4.2658,0.012597,7.3602,306.6689,295.7285,286.1141,298.2495
329,3.5763,0.008346,7.6814,306.3003,294.8182,286.0791,297.9241
330,4.4698,0.019162,4.4071,307.5703,296.2584,286.0362,298.0221
331,3.4048,0.009125,7.7589,306.9642,294.6322,285.5089,299.0375
332,4.3896,0.005393,4.2705,306.9568,294.5274,286.5603,291.7433
333,4.7214,0.00864,5.8962,308.1128,295.9488,285.3085,295.5392
334,3.2642,0.0105,7.361,307.8839,294.8065,285.7575,299.6411
335,4.2288,0.01027,4.2812,307.6073,295.1149,286.3321,294.3622
336,3.1902,0.01287,4.0729,306.489,293.701,286.6918,296.2086
337,4.4514,0.018247,4.0998,307.3226,295.3276,285.7202,297.1349
338,3.169,0.009385,6.0451,307.886,294.3148,286.4067,298.0073
339,4.8719,0.012812,7.2464,306.7133,296.2728,284.9408,297.5506
340,3.2748,0.010102,4.5097,306.1226,293.1365,285.3357,295.3394
341,4.9178,0.017327,4.4984,307.8059,296.1637,285.3266,296.6818
342,4.6018,0.007364,6.2742,306.8892,296.1157,286.4919,295.3873
343,4.1874,0.006553,4.9372,307.2365,294.4872,285.4904,293.7127
344,4.5652,0.012545,6.9209,308.1033,296.7162,286.4493,298.0667
345,4.5902,0.015078,7.7985,307.0669,296.3922,285.2044,299.1936
346,4.8921,0.016933,7.0641,306.7527,297.2788,286.5531,299.1638
347,3.5068,0.013844,7.5087,306.9097,295.3355,286.6407,299.7428
348,4.1802,0.016608,6.0783,306.531,295.497,285.6431,298.5623
349,3.1901,0.010891,7.3293,306.2189,293.743,285.2943,298.9187
350,4.2323,0.005493,4.7316,307.2662,294.1786,285.4984,292.9782
351,3.3426,0.006741,4.2734,307.5022,293.8901,286.5152,294.4855
352,4.1299,0.005581,6.6238,306.4254,294.7657,285.3407,295.4672
353,4.1449,0.009934,4.2078,306.8305,294.2338,286.0127,293.6982
354,3.932,0.012432,7.5699,307.4679,295.716,285.8693,299.4122
355,4.0453,0.010345,6.7662,305.9639,295.5749,286.4834,297.1733
356,4.5278,0.013409,7.8088,306.879,296.7162,286.2924,298.5833
357,4.5985,0.012209,5.2555,306.8754,295.7721,285.7843,295.968
358,3.9843,0.015169,5.9446,307.5635,296.076,287.0607,298.8677
359,4.1992,0.015004,6.9668,306.619,295.4206,285.2204,298.4647
360,4.8625,0.009771,4.9711,307.4832,295.6363,286.6235,294.4682
361,3.2395,0.010193,6.1674,306.678,293.6488,285.4882,297.7171
362,3.2342,0.013777,6.6379,307.1721,294.7032,285.9912,299.7058
363,3.1754,0.013946,7.9152,306.1049,294.6843,286.5051,299.768
364,4.3157,0.00972,6.9788,306.6481,295.9791,286.1261,297.4386
365,3.8372,0.009955,4.4725,307.049,294.3429,286.2439,294.9761
366,4.5486,0.015411,5.9013,306.308,295.5571,285.7049,297.649
367,4.3425,0.014711,6.3551,306.244,295.7311,285.8385,297.9925
368,3.6673,0.007026,4.5865,306.2544,293.769,285.6462,294.0822
369,4.7967,0.011616,5.7279,306.66,295.9949,286.153,296.1328
370,4.5251,0.018391,5.136,306.0675,295.9089,286.2014,297.9627
371,3.5411,0.005545,4.4753,307.8998,293.5203,285.6018,294.0125
372,3.7284,0.017827,6.0482,306.6594,294.9227,285.8526,299.5116
373,3.6289,0.007448,4.6625,307.936,293.7366,285.5206,294.4688
374,3.3152,0.012609,6.3621,307.9703,294.4145,285.8328,299.1445
375,3.2956,0.011365,4.6788,306.1528,293.0737,285.1657,296.1731
376,4.8723,0.005152,6.8944,307.1277,296.5357,287.0554,295.4975
377,3.8758,0.018731,4.781,307.517,295.4594,286.2675,298.7915
378,3.7666,0.011824,7.5851,307.0586,295.2128,285.2661,299.3085
379,4.4594,0.019314,4.1048,306.8201,295.925,286.1977,297.4954
380,4.106,0.009301,6.088,306.9704,295.6385,286.5517,296.4527
381,4.8723,0.017994,5.2804,305.8646,295.8758,285.6006,297.5598
382,4.5606,0.018836,4.9003,307.0318,295.6185,285.2039,298.3184
383,3.9587,0.013352,5.8864,307.998,295.0218,284.97,297.6916
384,3.7527,0.00804,7.3681,307.7653,295.2497,285.0731,298.3875
385,4.9733,0.015279,7.6611,306.0665,296.9537,286.6206,298.223
386,4.4355,0.013235,5.213,307.4423,296.1028,287.1973,296.8266
387,4.9024,0.019168,4.617,306.4335,295.9939,285.0504,297.3859
388,3.237,0.011589,6.8806,307.8355,294.9675,286.7269,299.473
389,4.7011,0.009028,6.328,306.1211,295.319,285.3077,295.5835
390,4.2741,0.007074,4.8041,308.0847,295.0246,286.2094,294.0441
391,3.2438,0.01548,7.0412,307.6613,295.2056,286.7704,300.7391
392,4.1765,0.019612,6.0757,306.2338,295.5885,285.9379,299.5552
393,4.3722,0.005425,6.6136,306.167,294.5729,285.0716,294.9329
394,3.0246,0.016107,5.4374,307.5698,294.3262,286.2302,299.5049
395,3.9086,0.018904,5.7564,306.4471,295.9883,287.128,299.3308
396,4.6508,0.006122,4.7214,307.1832,294.5195,285.3299,292.567
397,3.5907,0.006653,7.0261,307.8534,295.1237,285.5976,297.7106
398,3.9171,0.015379,4.628,307.1723,294.5667,285.0973,296.7409
399,3.8846,0.014719,7.1132,306.6636,295.5853,285.7947,299.1331
400,3.6039,0.006032,7.192,306.8529,294.7705,286.0936,297.1874
401,4.8369,0.017516,6.9864,306.3848,296.9566,286.5005,298.98
402,4.5626,0.012851,4.0777,307.9333,295.3518,286.3908,295.0165
403,3.2212,0.018608,5.0925,306.5583,294.4935,286.7786,299.4835
404,4.9941,0.01817,5.8734,306.0828,296.8572,286.7417,298.4428
405,4.7584,0.017188,6.3822,306.9066,296.4999,285.7119,298.9238
406,3.5678,0.012738,7.6769,308.0425,295.6283,286.2578,299.8698
407,4.6738,0.008776,5.5024,306.2047,294.883,285.6545,294.3983
408,3.2128,0.01259,7.5001,307.6316,294.7347,285.6389,299.803
409,4.9982,0.006512,4.6537,307.1974,295.2834,286.7314,292.4758
410,4.3314,0.014883,5.4851,307.6929,296.258,286.4767,297.8546
411,4.3003,0.00701,4.2091,308.0431,294.9128,287.1141,292.9854
412,3.1809,0.012668,6.97,307.7407,294.773,285.482,299.6886
413,4.7941,0.005816,4.6026,307.8409,295.2101,286.3106,292.0162
414,3.058,0.009493,5.0281,306.4655,293.0542,285.803,296.3486
415,3.4817,0.008481,7.1009,307.5438,294.2859,285.3121,298.3151
416,3.286,0.0143,6.1389,307.2495,294.1604,285.4675,299.0179
417,4.5535,0.016802,4.0559,307.3402,295.0138,285.9117,296.3901
418,3.3964,0.00586,4.0089,307.635,292.8051,285.1158,292.9988
419,4.8213,0.017754,6.0426,307.9533,297.5481,286.8275,298.9191
420,4.3125,0.017912,5.2198,307.3848,295.6363,284.9866,298.3758
421,3.0723,0.010134,4.7212,306.8982,293.2623,285.4846,296.5226
422,3.0109,0.014885,6.4544,306.7612,294.3524,286.3443,299.7365
423,3.1033,0.011039,4.9137,306.9605,293.3067,285.0216,296.7017
424,4.2119,0.007313,6.3688,306.7118,295.627,286.5366,295.7015
425,4.603,0.01293,5.5171,306.8565,295.6282,286.3844,296.5154
426,3.4771,0.006295,4.747,306.2419,292.8862,285.0824,294.1188
427,4.6988,0.018177,4.5524,306.1977,295.7425,286.3894,297.3569
428,3.1145,0.018864,4.9474,307.8175,294.6004,286.4454,299.7042
429,4.6019,0.017324,4.1193,306.8135,295.6925,286.4932,296.5556
430,4.8556,0.013438,5.2325,308.0513,296.7162,286.6105,296.5429
431,4.5442,0.013364,7.6078,307.2579,296.9155,286.2351,298.7757
432,4.3962,0.019769,7.3254,306.0616,296.471,286.0781,299.7353
433,4.676,0.008719,5.488,306.1528,295.0326,285.6545,294.7527
434,3.0803,0.006139,6.3033,306.4991,293.787,286.3897,297.1309
435,3.4036,0.013429,6.2694,307.863,295.4367,286.7506,299.471
436,3.2498,0.009932,7.315,306.4963,294.2498,286.1579,298.7281
437,4.0091,0.009835,4.9452,306.9939,294.7051,286.2305,295.3581
438,4.4904,0.005106,5.1855,307.8186,294.9873,285.6738,293.3798
439,4.26,0.013944,5.2071,307.9272,295.9358,286.5421,297.3249
440,4.7023,0.008961,4.1635,306.578,294.95,286.9592,292.7344
441,3.3104,0.007818,5.2588,305.9416,293.0388,285.3237,295.4503
442,4.4692,0.005606,7.5117,306.3216,295.1713,285.1557,296.0979
443,3.3861,0.010465,7.648,306.0555,294.3579,285.9148,298.7649
444,3.5415,0.018185,4.4385,306.5965,294.2801,285.9304,298.3205
445,4.4198,0.01005,5.8322,306.8656,295.9196,286.5098,295.6569
446,4.9604,0.015186,5.5254,307.8103,296.2592,285.0584,297.0613
447,4.2231,0.016348,5.9574,307.1962,295.7779,285.6719,298.4881
448,3.109,0.009922,6.2189,307.3292,293.9855,285.919,298.5481
449,4.2326,0.017325,4.081,306.3074,294.9953,286.1107,296.8848
450,3.0847,0.015378,7.369,307.8671,294.9454,286.0869,300.6309
451,4.7683,0.013389,7.8947,307.1757,297.1158,286.1821,298.9574
452,4.4192,0.005015,6.6136,307.5653,296.0956,286.5562,295.5019
453,3.3463,0.005526,6.6418,307.9635,294.662,286.674,297.3476
454,3.1834,0.019863,6.1119,306.5327,294.6072,286.1797,300.5868
455,3.3671,0.016734,5.3371,306.3236,294.1613,286.3353,298.4641
456,4.9601,0.019063,4.5959,306.6942,296.1043,286.2122,297.506
457,3.9171,0.018535,6.3363,306.8241,295.4115,285.4274,299.8376
458,4.5682,0.005307,4.1798,307.8307,294.2351,285.429,291.2035
459,4.2728,0.016878,7.298,306.5847,296.1912,286.0922,299.3112
460,4.1448,0.011767,5.6836,307.5346,296.0642,286.9143,296.9395
461,3.2903,0.016843,5.659,306.8714,294.7944,286.0105,299.6132
462,4.892,0.005101,5.3087,306.3336,294.8669,284.9218,292.6136
463,3.6027,0.009323,7.8774,306.6264,294.9966,285.9791,298.675
464,4.156,0.01627,4.6997,307.4078,295.3747,285.5947,297.174
465,4.3996,0.016895,4.6052,307.1951,295.678,286.689,297.2322
466,4.2985,0.014296,4.6621,307.0916,295.5323,286.7044,296.3184
467,4.8812,0.009519,6.6341,306.5564,296.1167,286.1315,296.1689
468,3.2969,0.009655,7.9676,307.4222,294.8219,286.2727,299.5173
469,4.0167,0.019501,4.9419,306.4111,295.041,285.4958,298.908
470,3.8081,0.011588,7.6225,308.1053,295.8934,285.8343,299.235
471,3.9483,0.011707,5.1145,306.5832,294.8718,286.6333,296.4483
472,3.2384,0.013285,6.5916,306.2075,294.6783,286.2369,298.9809
473,3.2682,0.011143,4.162,307.306,293.501,285.9999,295.4642
474,3.5562,0.01329,5.9826,307.2015,294.5249,285.7222,298.0563
475,3.6094,0.011485,6.6183,307.2499,294.6382,285.096,297.985
476,3.8558,0.017401,6.1453,307.1037,295.0559,285.1202,298.9589
477,4.222,0.018636,4.9513,307.8927,295.5301,285.2926,298.6725
478,4.2693,0.018982,7.314,306.9163,296.4029,285.6383,300.2837
479,3.8236,0.013464,7.8805,307.244,295.9933,286.946,299.3997
480,3.8176,0.011632,5.8368,307.0715,294.8156,286.1679,297.1797
481,3.4353,0.015579,6.5437,306.2254,294.3805,285.4018,299.3019
482,4.1766,0.017575,7.1617,307.0721,296.0558,285.153,299.9145
483,3.6341,0.013445,4.966,306.3866,294.158,285.5154,296.9132
484,3.0721,0.0155,7.4578,307.2818,294.833,286.6232,300.8319
485,3.8368,0.016246,5.1208,306.0092,294.599,285.6159,298.0801
486,3.9483,0.015146,7.1033,308.1216,296.4239,286.7208,299.5031
487,3.4512,0.016192,4.4484,306.5544,294.5112,286.3986,297.7412
488,4.1449,0.00813,5.1535,307.8244,294.7881,285.0509,294.9122
489,4.1315,0.012476,6.1345,306.9533,295.6325,286.1394,297.7019
490,4.404,0.013824,6.0997,306.1051,296.229,286.7996,297.5536
491,4.2959,0.005037,7.4017,307.6355,295.7531,285.8991,296.4818
492,4.3049,0.017839,7.9845,306.8971,295.8636,285.2928,300.5847
493,3.6324,0.01415,4.4288,307.8466,294.9299,286.6527,296.9063
494,4.5749,0.006937,5.0856,306.8581,295.0887,287.0146,294.0029
495,4.0983,0.017245,5.4304,307.3476,295.7081,285.85,298.7767
496,3.8628,0.015756,5.9157,307.7239,295.6041,286.1767,298.8102
497,4.252,0.016374,5.9756,307.2842,295.5222,285.5865,298.5081
498,3.7213,0.010881,7.4248,306.8692,295.4043,286.6185,298.3944
499,4.0255,0.017813,7.0822,307.439,296.0078,285.9242,300.1537
500,4.4734,0.01121,4.0754,307.3619,294.0861,285.0331,293.9353
501,4.7728,0.013558,5.8201,307.8644,296.6784,286.3904,297.2108
502,4.8421,0.00501,6.4723,306.5872,296.0384,287.0501,294.3971
503,4.0073,0.014673,5.8416,306.794,295.4578,286.7995,298.0759
504,4.0406,0.015773,4.5226,307.4967,295.006,285.3739,296.9126
505,4.5997,0.013507,5.5899,306.7925,295.3571,285.3103,296.5507
506,3.6289,0.012448,5.6466,307.5431,295.179,286.9946,297.6855
507,4.6748,0.017149,4.7509,306.9253,296.2979,287.2233,297.4447
508,3.9883,0.015221,7.0252,306.3421,295.6769,286.3856,298.7919
509,3.2317,0.009171,5.2856,307.364,294.0859,286.2221,296.797
510,3.1441,0.019386,6.3559,306.0667,294.4867,285.7118,300.4497
511,4.684,0.015609,6.0629,306.554,296.0496,285.6926,297.5325
512,3.1111,0.019819,7.5097,307.2192,294.292,285.2697,301.4771
513,3.5612,0.019569,4.4881,307.6165,294.4783,285.222,299.1194
514,3.6683,0.018784,4.4571,307.7237,294.6603,285.3833,298.5543
515,3.346,0.016331,5.2013,306.5315,294.4992,286.3698,298.5532
516,3.6278,0.014141,5.7249,306.2754,294.2114,285.4716,298.096
517,4.4854,0.007583,5.1942,308.026,295.334,285.5684,294.572
518,3.0294,0.01315,7.0527,306.5865,294.1632,286.2032,299.4543
519,4.6543,0.016481,4.9811,306.3891,295.4372,285.5235,296.8649
520,4.7131,0.012813,4.3391,306.554,294.4411,285.5849,294.556
521,3.7445,0.018024,5.6552,307.1271,295.5556,286.1717,299.5107
522,3.3072,0.006645,7.0935,307.5794,294.8537,285.8993,298.1484
523,4.2017,0.010714,7.4022,307.7349,296.0272,286.209,298.5122
524,3.2393,0.012589,6.9334,307.1363,295.1819,286.9042,299.8769
525,3.7298,0.011485,6.2315,306.1129,294.6033,285.2181,297.3171
526,4.9169,0.006629,6.8968,306.5321,296.2268,286.8874,295.3455
527,4.9909,0.007303,6.7256,307.0679,296.4418,286.623,295.4805
528,4.5442,0.017564,4.9375,306.3454,295.9226,286.6633,297.7242
529,3.6219,0.012266,6.203,306.7092,294.7679,286.1059,297.9373
530,4.3753,0.005731,7.0824,306.6873,295.3512,286.1067,295.8063
531,4.4108,0.005247,5.2685,306.2234,294.4849,286.3845,292.9804
532,3.7757,0.012102,6.6159,306.8635,295.3506,286.3546,298.1009
533,4.2818,0.007466,5.9259,307.319,294.8577,284.974,295.3986
534,3.0215,0.015577,6.0126,306.0406,294.5379,286.9894,299.2462
535,3.4181,0.01693,4.3602,306.9764,294.3479,286.3534,297.84
536,4.0502,0.008424,6.6649,307.6795,295.7924,286.7867,297.3226
537,3.3275,0.013883,7.4627,307.5255,294.839,285.8306,300.1077
538,3.3318,0.007317,4.5657,307.8822,293.152,284.9639,294.7364
539,4.6726,0.009554,5.4644,306.7145,295.5835,285.8965,295.1998
540,4.9783,0.018332,4.1947,307.4472,296.3184,286.1869,296.6931
541,4.1119,0.013161,4.1185,306.7842,294.2699,285.8951,295.2019
542,4.6781,0.018288,7.9586,306.8305,296.8886,285.829,300.1386
543,4.9806,0.008379,5.9739,306.6168,295.5765,285.7943,294.8017
544,3.2832,0.00995,5.4221,306.6641,294.3733,285.9689,297.1713
545,3.8965,0.012064,5.0995,306.7881,294.7256,285.6473,296.4261
546,3.7851,0.012201,7.9201,306.4439,295.998,287.0057,299.2938
547,3.1601,0.019965,5.009,307.1789,294.1081,285.4074,300.0517
548,4.5107,0.006717,6.9028,306.7719,295.4125,285.6466,295.9805
549,3.8676,0.017779,5.135,306.2038,294.9516,285.5378,298.2412
550,3.9387,0.017955,4.282,306.3123,294.9549,286.2425,297.4863
551,3.3013,0.013298,6.7331,307.009,294.6751,285.9855,299.0915
552,3.3619,0.010161,4.0065,306.5106,293.569,286.2812,294.6073
553,4.8142,0.012788,6.703,306.4858,296.8875,286.818,297.5464
554,3.0893,0.009387,5.0015,306.658,292.9042,285.5637,296.2678
555,3.4657,0.016987,6.9844,307.5833,295.6859,286.1861,300.6073
556,3.5841,0.012474,7.079,308.0147,294.8825,285.0295,299.3036
557,3.9804,0.018888,6.8964,307.0476,295.8323,285.609,300.0436
558,4.1729,0.01434,4.0979,307.4345,294.9806,285.9554,295.5081
559,3.9866,0.012715,6.8149,307.7171,295.4392,284.8903,298.488
560,3.1682,0.015666,7.9606,307.7863,295.3142,286.2602,301.1277
561,3.4873,0.012559,4.9705,307.2798,294.5037,286.4341,297.0513
562,4.6872,0.018568,5.097,307.6593,296.6585,286.4127,298.4106
563,4.2752,0.007767,7.2541,307.8394,296.0532,285.9697,297.2538
564,4.2983,0.0196,4.6416,307.9591,295.9178,286.1242,299.0687
565,4.3404,0.017183,6.6423,306.985,295.9441,285.9185,299.0599
566,4.5258,0.017911,7.0201,306.2987,295.8801,285.0165,299.4174
567,3.1162,0.012244,4.1486,306.1166,292.774,285.2651,295.7872
568,3.7332,0.017558,6.215,307.0461,295.6795,286.3302,299.8729
569,4.0791,0.009602,6.3035,307.1162,295.7701,287.0288,296.9254
570,3.6769,0.016429,5.2138,306.627,294.3252,285.0648,298.1207
571,4.689,0.007107,7.5054,307.187,296.3342,286.2312,296.7181
572,3.9651,0.009606,4.651,307.1294,294.459,286.7706,294.8641
573,4.5373,0.011686,5.4568,307.6611,296.095,286.5803,296.5469
574,4.704,0.009835,7.3947,306.4252,296.1482,286.0743,297.0517
575,4.0096,0.010805,4.7626,306.4614,294.4984,286.2905,295.1682
576,4.8191,0.017302,7.2855,307.6238,297.5012,286.4839,299.5586
577,4.1742,0.00885,4.3163,307.8022,294.7333,286.632,293.8506
578,4.7005,0.016179,5.9569,307.8288,296.6382,285.0992,298.1333
579,3.6812,0.006106,4.3013,307.9341,294.1471,286.8241,293.3841
580,3.9976,0.016486,6.7116,307.9047,295.7841,285.1629,299.6609
581,4.0628,0.01688,7.1624,306.6397,296.0986,286.5502,299.8946
582,3.21,0.011025,7.3994,306.918,293.8508,285.1595,299.0816
583,3.7971,0.015837,7.925,306.3669,295.2752,285.3269,299.8107
584,4.8347,0.018727,6.6881,306.9907,296.4664,284.9521,299.3347
585,4.2617,0.017011,7.0762,307.7463,296.6909,285.8807,299.9974
586,3.355,0.010857,6.023,306.6618,293.9324,285.6858,297.4647
587,3.6777,0.012263,7.6509,307.1949,294.888,285.4697,299.1742
588,3.3832,0.01669,6.575,306.752,294.498,285.8005,299.8355
589,3.0496,0.009389,7.5342,306.5152,294.078,285.8109,299.1511
590,4.8549,0.017058,4.9418,306.3469,296.3681,286.394,297.2541
591,3.8964,0.009921,5.987,305.7646,294.8366,286.8563,296.3275
592,3.6151,0.01709,6.9193,307.9626,295.9604,286.2299,300.3503
593,4.197,0.006302,4.8109,306.7346,293.8251,285.2336,293.2153
594,3.0146,0.005666,4.8454,307.6223,293.3351,285.4829,295.6246
595,3.556,0.019965,7.9122,307.2065,296.1389,287.0041,301.9017
596,4.4061,0.018042,5.7384,306.3208,295.6188,285.2406,298.3554
597,4.2675,0.018243,4.7273,306.4433,295.56,285.8845,297.8667
598,4.9636,0.019269,5.3259,307.7248,297.1244,286.954,298.5638
599,4.2407,0.011575,5.5895,306.4409,295.8875,286.8633,296.3164
600,3.955,0.009303,6.4923,307.9995,295.2836,285.7553,297.536
601,4.5229,0.00695,7.6921,306.2865,295.6715,286.4164,296.527
602,4.8067,0.012518,7.9464,307.5864,296.9062,286.0712,298.8409
603,4.4414,0.008301,6.6068,307.5013,296.1684,286.5652,296.4398
604,4.9264,0.019033,6.7997,306.5111,296.5359,285.0264,299.228
605,4.564,0.00506,5.2873,306.5631,294.436,285.1985,292.8327
606,4.7336,0.007148,7.4286,307.9112,296.7514,286.1626,296.8879
607,3.2282,0.008697,4.8712,306.257,293.0335,285.4231,295.52
608,4.4648,0.007984,4.4255,307.1043,294.6274,286.3586,293.0108
609,3.8802,0.008387,7.893,306.8627,295.0616,285.677,297.9389
610,4.1062,0.014841,7.4566,306.4645,295.7806,286.6041,299.4588
611,4.3082,0.009913,5.2146,307.6761,295.772,286.8467,295.6476
612,4.9396,0.014225,6.7007,307.4758,296.84,286.1577,298.0356
613,4.9692,0.018354,5.8681,307.1307,296.9296,286.8417,298.5312
614,3.5765,0.014038,5.2925,307.8707,294.8598,285.3888,297.8557
615,4.4675,0.015418,5.1471,306.2712,295.3278,286.0886,296.9554
616,4.5,0.010483,4.5441,306.0165,294.3704,285.1164,294.1415
617,3.693,0.007396,6.1973,307.09,295.1139,286.8149,296.823
618,3.2477,0.009809,5.7864,307.9724,294.4184,286.6547,297.9171
619,3.0819,0.019464,6.0487,305.9221,294.5669,286.7501,300.1821
620,4.5547,0.014327,4.8614,306.5167,295.6029,286.694,296.2034
621,3.9794,0.009163,7.7544,307.2232,296.0192,286.9311,298.2022
622,4.9711,0.011764,6.5544,307.6893,296.7901,285.5539,297.0766
623,3.9299,0.017533,7.5984,306.269,295.8243,286.7322,300.0593
624,4.9558,0.015027,4.4371,306.6816,295.6073,285.8616,295.4933
625,3.8232,0.01341,6.4914,307.4557,295.3951,285.726,298.6483
626,4.5874,0.018277,7.3978,306.678,296.9664,286.0965,299.9451
627,3.1696,0.015087,5.3237,306.4082,293.5205,285.6716,298.194
628,4.1109,0.014641,4.7806,306.3748,294.5621,285.6344,296.3336
629,4.6041,0.007847,5.0601,306.8223,294.8588,285.6188,293.6306
630,4.8494,0.006596,5.0917,306.9615,294.8287,285.3969,292.7465
631,4.6452,0.019477,5.7888,307.587,297.2805,285.9522,299.0383
632,3.0739,0.013983,5.3039,307.1971,294.0024,286.8117,298.7494
633,3.7454,0.011235,5.0851,307.2441,294.7063,286.3989,296.2105
634,3.0974,0.013835,6.594,307.7677,294.5921,285.9291,299.9431
635,3.2186,0.005927,4.2121,306.6341,292.9159,285.8348,293.7818
636,4.3506,0.017332,5.3615,306.8368,295.8005,285.7119,298.1996
637,4.4265,0.00825,6.759,307.7971,295.8331,285.5758,296.5753
638,4.5474,0.017068,4.7034,306.6944,296.0925,286.7588,297.0802
639,4.7309,0.013016,4.8837,307.1317,295.6972,285.4135,295.5287
640,4.4789,0.009149,4.8027,307.6852,295.1768,286.3696,294.4591
641,4.6017,0.005453,4.0037,306.0285,293.8993,286.6833,290.8166
642,3.0979,0.017238,5.8951,307.1236,294.514,286.1509,299.5579
643,3.4691,0.007647,4.1558,306.2353,293.6968,286.4933,293.7842
644,4.2438,0.005777,5.0918,306.4215,294.3489,285.4958,293.2098
645,4.7163,0.016338,7.9792,306.9198,297.3612,286.7401,299.8553
646,3.009,0.010251,7.6736,306.459,294.2933,286.5256,299.3646
647,4.0293,0.01084,4.8603,307.7181,295.2033,286.7158,295.7855
648,4.3546,0.008706,5.24,307.8717,295.3874,286.2345,295.2801
649,3.0592,0.017888,5.8548,307.7008,294.6815,286.7198,300.0883
650,3.8027,0.00946,7.3777,306.446,295.692,286.9674,298.0343
651,4.7913,0.008153,7.2106,306.0958,295.9764,285.8911,296.3456
652,4.3432,0.009639,4.505,306.6538,294.7379,286.603,293.8463
653,3.4753,0.008047,4.4978,306.2394,293.4655,286.212,294.3253
654,4.7056,0.009765,5.6669,308.1139,295.9696,285.9387,295.5564
655,3.6961,0.006244,7.4804,306.5355,295.4454,286.5281,297.3892
656,4.7067,0.007378,7.5283,306.4412,295.9658,285.6799,296.1044
657,3.5979,0.011256,4.4295,307.5732,294.1984,286.015,295.9684
658,4.1806,0.018192,6.2972,306.6164,295.6498,285.2356,299.4111
659,3.7939,0.005859,4.6227,306.0503,293.3719,285.4257,293.1672
660,3.5497,0.00819,6.7445,306.0984,294.3563,286.738,297.3442
661,4.7731,0.018625,7.6657,307.3498,297.1471,286.0166,300.0822
662,3.3752,0.01835,5.8191,307.6289,294.9493,286.046,300.0137
663,3.1696,0.015192,4.3323,306.3239,293.0724,285.7248,297.3624
664,3.6839,0.008607,6.317,307.9028,295.5117,286.032,297.1375
665,4.4353,0.011297,5.6341,307.6726,295.941,286.5523,296.4442
666,4.6149,0.008168,7.2436,307.6087,296.5559,287.0292,297.1163
667,4.9975,0.006929,5.3614,306.4215,295.04,285.2109,293.2516
668,3.5927,0.0107,7.4996,306.2038,294.8054,286.2502,298.515
669,3.8159,0.013637,5.0948,307.7593,294.9947,286.1641,297.2541
670,3.2736,0.010399,4.6301,306.6703,293.7208,286.1371,295.8462
671,4.1497,0.014162,5.2259,307.1848,295.2634,285.6758,297.0339
672,4.9952,0.009444,4.1397,307.5599,295.1716,285.8804,292.2971
673,4.4018,0.010188,5.125,306.3528,294.7551,286.0117,294.9195
674,4.1904,0.01686,6.6405,307.5328,296.3448,286.1606,299.708
675,3.7847,0.018175,4.5691,307.8741,295.3862,286.143,298.5614
676,4.8306,0.009831,4.4455,307.1888,295.3638,285.8756,293.7001
677,3.9938,0.013573,4.5295,306.7366,294.8174,286.9321,296.0809
678,3.2687,0.009172,4.3102,307.9253,293.9159,286.4283,295.4224
679,3.7308,0.0058,7.4985,306.8598,294.86,285.5203,297.2563
680,3.1343,0.016068,7.7765,307.6283,295.1978,286.3788,301.3029
681,3.404,0.007565,4.1862,307.6399,293.8333,286.8193,294.3142
682,3.0353,0.011386,7.0403,307.3239,294.2128,285.3044,299.5187
683,3.9066,0.012306,6.9486,306.5149,295.5432,286.0866,298.0467
684,4.2691,0.007767,7.9876,306.1339,295.6002,285.6954,297.2022
685,3.6866,0.006418,5.3915,306.6827,294.3674,286.4384,294.9538
686,3.8408,0.01022,5.142,307.0551,294.1877,285.4782,295.8628
687,4.9184,0.019284,5.8123,306.7575,296.9934,286.2973,299.0799
688,4.5039,0.014227,7.4263,306.8886,296.2902,285.438,298.9586
689,4.0817,0.010721,6.9144,306.7837,295.7659,286.1216,297.5983
690,3.5691,0.005584,5.8865,307.6097,294.8418,287.0262,295.8433
691,4.794,0.014004,4.9783,307.7028,296.1217,285.9465,295.9306
692,3.4702,0.006384,6.9081,306.6996,294.6743,286.4689,296.6744
693,3.6507,0.013138,7.4181,307.2436,295.9353,286.964,299.7424
694,4.8181,0.016279,5.5998,307.2735,296.684,286.6877,297.8627
695,4.0591,0.011354,6.6743,307.0808,295.1027,285.4669,297.5799
696,4.4846,0.009491,5.6008,306.2466,295.3631,286.8005,295.3014
697,4.1815,0.005711,5.914,307.4863,294.8821,285.3857,294.9858
698,4.3069,0.005372,6.0996,308.1063,295.5585,285.6958,295.1424
699,3.5988,0.01145,7.1029,307.2513,295.537,286.6475,298.9024
700,3.4827,0.01825,7.91,307.7232,295.8395,286.4573,301.5367
701,3.645,0.008661,5.7775,307.6887,294.7671,285.8376,296.8557
702,3.3109,0.013611,5.3693,306.7796,294.0541,285.6576,297.9416
703,4.7486,0.015265,5.4944,307.2059,296.3797,286.7359,297.5083
704,3.5665,0.005912,4.5356,307.0902,293.6828,286.596,293.7069
705,4.123,0.007297,5.1878,308.0713,294.8943,285.9032,294.4213
706,4.5839,0.009969,4.3458,306.1423,294.8601,286.7235,293.8765
707,4.5676,0.015051,5.7116,306.6504,295.6678,285.3242,297.298
708,3.8768,0.011586,4.6694,307.9058,294.6446,285.2357,295.7113
709,3.9525,0.016013,5.3856,306.3945,295.4576,286.4538,298.0009
710,4.9894,0.018014,7.1743,307.3662,297.7097,286.9696,299.8201
711,4.3492,0.016376,4.9837,306.4556,295.2589,285.7373,297.2726
712,4.6293,0.019884,6.4476,308.1834,297.0774,285.3367,299.9616
713,4.8051,0.016315,7.6047,307.7478,296.9548,285.1335,299.7525
714,4.5752,0.017783,6.2677,306.456,296.8088,286.6557,298.9255
715,3.3704,0.017485,4.7752,307.6247,294.1834,285.538,298.4236
716,4.1243,0.015954,5.3791,306.7397,294.9995,285.9723,297.9451
717,3.2038,0.017027,6.3615,307.3061,294.9642,286.8063,300.195
718,4.3058,0.01902,6.0264,307.3449,295.5753,285.0223,299.4184
719,4.9107,0.012128,4.5945,307.6167,295.8694,286.1465,294.7651
720,4.0255,0.014574,5.7872,305.7585,295.073,285.8816,297.5311
721,3.8659,0.012724,6.1723,306.5122,295.4915,286.6092,297.8434
722,3.0717,0.017766,5.0693,307.2072,294.0636,285.7016,299.682
723,4.9195,0.01147,6.4498,307.046,296.3597,285.9795,296.6812
724,3.206,0.017296,4.2806,306.8249,293.964,285.1741,298.1047
725,3.0822,0.01699,5.3464,306.1624,294.1185,286.4532,299.073
726,3.4921,0.019428,7.2171,306.6613,295.3288,286.892,300.9121
727,3.1311,0.008734,5.0371,307.8197,293.3264,285.2201,296.4253
728,3.9102,0.015644,6.4207,305.8293,295.0412,285.7259,298.7704
729,4.0322,0.016354,5.6401,306.6134,295.7115,286.651,298.6595
730,3.6251,0.019044,5.2658,307.7599,294.9253,285.1509,299.5051
731,3.1019,0.018604,7.6645,305.8952,293.9269,285.7265,300.7608
732,3.2232,0.013603,5.373,307.5582,294.3565,286.1667,298.4398
733,3.769,0.013687,4.9467,306.3752,294.2008,285.7754,296.7028
734,3.1211,0.007509,7.6372,307.3207,294.3576,285.3887,299.1641
735,4.3964,0.019624,6.9838,307.7011,296.7891,286.0694,300.3977
736,3.414,0.008825,6.7272,308.0095,294.313,285.3618,298.2368
737,3.6041,0.015871,4.1981,306.4033,294.3445,285.9944,297.2542
738,3.7883,0.016937,4.5248,307.3809,295.0739,286.4963,297.9588
739,3.8332,0.011618,6.5534,307.3805,295.297,286.3391,298.2466
740,3.0033,0.008168,4.8377,306.4574,292.6274,284.8283,295.7352
741,3.2241,0.007834,4.9026,306.3485,293.8716,286.8381,295.6289
742,4.7255,0.017847,7.1166,306.1137,296.0228,285.4386,299.1668
743,3.0025,0.012661,5.1437,308.1038,294.5609,286.2757,298.2944
744,4.0163,0.006352,4.2863,307.3087,293.9051,285.7231,292.7463
745,3.979,0.015755,4.1457,307.4253,294.9208,286.4094,296.5614
746,3.6662,0.008753,5.7727,307.4339,294.2234,285.4053,296.5213
747,3.8627,0.018146,6.4685,306.9452,295.5047,285.3644,299.94
748,4.5612,0.009644,7.4755,306.923,296.2211,285.9096,297.401
749,4.6824,0.008004,4.4432,307.0059,294.2152,285.1436,292.518
750,3.5207,0.006273,4.7867,307.3947,293.4285,285.5783,294.4122
751,3.645,0.012673,6.1192,306.6312,294.7122,286.2266,297.817
752,3.485,0.011761,5.4564,307.5684,294.7949,286.768,297.6732
753,3.9597,0.01627,5.9301,307.5516,295.2793,285.072,299.0702
754,4.3665,0.011969,7.6965,306.5888,296.2374,286.8836,298.4077
755,3.4565,0.010157,6.1796,307.463,294.7715,286.7219,297.932
756,3.6615,0.008925,5.6605,306.2039,294.4764,286.8506,296.2691
757,4.8608,0.009172,7.9578,307.7331,297.128,286.0164,297.9406
758,3.0971,0.018918,4.2609,307.7665,294.3199,286.0946,299.0367
759,3.9215,0.007476,7.7285,307.7721,295.679,286.0679,298.221
760,4.4231,0.019823,6.0066,307.0048,296.4022,286.4729,299.3736
761,3.3009,0.009904,6.015,306.087,294.3569,286.5986,297.4275
762,3.0947,0.006326,7.6879,306.3065,293.2077,285.4614,298.102
763,3.2764,0.00873,6.0293,305.9344,293.7452,285.5222,297.0768
764,4.8376,0.005876,5.7536,306.1302,294.7413,285.1966,293.5716
765,3.0185,0.01685,5.09,306.2579,294.1343,286.9689,299.0796
766,3.3766,0.012688,6.6353,308.0097,294.9317,285.6737,299.4101
767,3.0626,0.010055,6.2786,306.1544,293.7707,286.5424,297.7201
768,3.2213,0.014931,4.8574,306.5117,294.1507,286.7299,297.808
769,4.2403,0.01446,6.8377,307.4044,296.6983,287.0322,299.1221
770,3.4833,0.019098,6.5763,307.1308,294.5455,285.0923,300.8358
771,4.1384,0.019419,5.5893,307.385,296.5742,286.4589,299.5428
772,4.1804,0.01521,4.0176,307.3556,295.1301,287.0137,296.1458
773,4.6989,0.017267,5.7863,307.8335,296.3189,285.1966,298.6096
774,3.0095,0.016886,4.0242,307.2572,294.1605,286.4164,298.275
775,4.7067,0.01237,4.3,307.1176,294.879,285.7415,294.5098
776,4.2382,0.015567,5.7224,307.2975,296.0782,286.3191,298.1812
777,3.3255,0.006174,4.3277,306.8845,293.1896,285.9729,293.8803
778,4.5459,0.01637,5.1027,306.5955,295.9648,285.3081,297.1532
779,4.711,0.019427,6.622,306.8594,296.8792,285.0724,299.621
780,3.5085,0.006275,5.2345,306.3767,293.3405,285.4193,294.945
781,4.8376,0.017542,7.9906,307.5255,297.2449,284.927,300.0661
782,3.9089,0.018995,7.6652,306.4023,295.9344,286.0228,300.6883
783,4.2068,0.008393,6.3412,306.0526,294.9602,285.5188,295.8408
784,4.9693,0.012872,7.8678,306.6659,296.6842,285.6056,298.3098
785,3.7231,0.018918,7.4721,307.5682,296.3923,286.1639,301.2836
786,4.6263,0.019403,5.2756,306.5864,296.25,286.4659,298.7751
787,3.6368,0.006918,6.9984,307.5094,295.0052,286.0981,297.5318
788,4.5984,0.010235,4.5473,307.7584,295.6999,286.9005,294.5474
789,4.2015,0.015472,6.7382,305.9114,295.5278,285.5633,298.6001
790,3.4327,0.008323,5.9643,307.7763,294.7359,286.6908,297.2844
791,3.8281,0.009872,4.0673,306.3052,293.2763,285.205,293.4292
792,3.6353,0.005349,5.0969,306.2867,294.1257,286.6301,294.2811
793,3.1562,0.007303,7.8215,307.5101,295.0204,287.0602,299.0475
794,3.0597,0.013435,5.2633,307.837,294.3827,286.8827,298.8562
795,3.693,0.014796,4.7258,306.797,294.4651,286.0163,297.3223
796,3.0381,0.014734,4.7501,307.2193,293.935,286.1585,298.2421
797,3.331,0.016675,5.9169,306.4169,294.4169,285.9134,299.5389
798,4.4504,0.011229,7.3706,307.2148,296.1912,286.3886,298.3246
799,4.4162,0.009102,7.032,307.1134,296.2296,286.7528,297.2482
800,4.4772,0.005234,5.7474,307.5927,295.5137,286.848,294.4662
801,3.6343,0.008099,4.8349,307.0677,294.0518,285.9751,295.1954
802,4.78,0.009686,4.1843,306.3623,294.2205,285.0622,292.8994
803,4.1877,0.007673,5.8505,307.991,295.4136,286.2067,295.4288
804,3.2521,0.005302,7.2591,307.2539,293.9372,285.1579,297.7673
805,3.2874,0.007362,6.9187,307.6319,294.3589,285.4657,297.7697
806,4.3862,0.014991,5.6344,306.3487,295.3201,285.3986,297.3681
807,3.3459,0.014444,6.3788,307.0475,294.4775,286.3384,299.21
808,4.0146,0.019035,5.745,306.9282,295.2816,285.2428,299.3832
809,4.9835,0.016973,6.3161,306.1032,296.371,285.1648,297.8566
810,3.008,0.013516,6.07,306.558,293.3143,285.2283,298.7054
811,3.0332,0.007063,6.7239,306.7627,294.4365,286.518,298.1767
812,4.9862,0.013461,6.0308,307.6839,296.9732,286.2838,296.9774
813,4.1693,0.005924,7.7624,306.4426,294.795,284.9356,296.793
814,3.2538,0.011463,5.7121,307.7569,293.6949,285.158,298.0404
815,4.7946,0.010854,4.0637,307.3181,295.0188,286.2761,293.4916
816,4.7608,0.011417,4.9455,307.6678,295.3323,285.5468,295.0707
817,4.0724,0.009197,6.0024,306.9085,295.2633,286.2886,296.38
818,4.2436,0.015287,6.1623,306.9718,295.6927,286.0338,298.3606
819,3.5464,0.017614,6.2095,307.0866,295.5806,286.5851,299.9808
820,3.101,0.016528,6.8582,307.8262,294.4399,285.8133,300.6187
821,4.1891,0.014416,5.0986,307.0896,295.7972,286.5199,297.0266
822,3.5895,0.013075,6.6596,306.8872,294.357,285.0464,298.5949
823,4.3272,0.005466,6.8161,307.0961,295.8975,286.8964,295.9924
824,4.6725,0.015844,5.6451,307.2894,296.7122,286.9376,297.8986
825,3.0363,0.013175,5.6087,306.4192,293.8951,286.2361,298.3105
826,4.1914,0.009061,4.7157,307.1132,294.555,285.7484,294.6178
827,3.4626,0.009918,5.6559,306.8027,294.0933,285.47,296.9719
828,4.7478,0.019034,7.1473,308.0994,297.77,286.5412,300.4266
829,3.5073,0.014365,7.6359,306.8923,295.4207,286.2787,299.8475
830,4.2215,0.012139,6.3745,306.9443,295.4451,285.1885,297.4961
831,4.1071,0.014314,5.1975,307.8015,295.7347,285.8496,297.2386
832,3.7923,0.011206,6.7292,306.9125,294.9616,286.1159,298.0015
833,4.3552,0.012053,6.9606,306.339,296.1194,286.5021,297.535
834,4.4515,0.009355,5.3289,306.4951,295.0043,286.2027,295.0588
835,4.1339,0.011598,7.3062,306.2691,295.4106,286.1935,297.8416
836,4.5168,0.015284,4.2948,306.2676,295.2367,286.2365,295.9403
837,4.9668,0.005599,4.043,306.6605,293.9173,285.5567,290.5022
838,3.8385,0.016925,4.4919,307.5239,294.9389,285.7552,297.6828
839,4.0292,0.009245,4.624,307.4225,294.0651,285.1261,294.5516
840,3.0249,0.015238,7.5157,306.0941,294.1842,286.424,300.2826
841,4.5921,0.014641,5.6999,307.3607,296.0616,285.8042,297.389
842,4.0405,0.014789,5.0997,306.138,295.0566,285.9045,296.9484
843,3.8159,0.014122,5.7163,307.8571,295.0779,285.6875,298.1661
844,3.1881,0.019387,5.5794,306.358,294.0227,285.3077,299.896
845,4.7793,0.012625,5.2058,307.2944,295.7423,286.2135,295.918
846,3.79,0.015985,4.5516,306.672,294.3516,285.504,297.3825
847,4.3652,0.015582,6.6237,307.1062,295.863,285.2284,298.7738
848,3.2987,0.008544,4.5464,306.8934,294.1512,286.6271,295.406
849,4.9231,0.00925,7.1017,307.4732,296.4732,285.7058,296.8576
850,3.3569,0.01136,4.8068,306.5224,293.6736,285.7283,296.257
851,3.3991,0.009165,6.9255,307.7846,294.9082,285.9887,298.3684
852,4.718,0.010501,7.2223,307.1148,296.5669,286.7004,297.3512
853,4.8252,0.010864,4.5013,307.7471,295.1866,285.6685,294.2048
854,3.4243,0.014058,4.347,307.5684,294.4936,286.4761,297.0077
855,3.9396,0.008298,7.7983,307.9317,296.4888,286.7893,298.6368
856,4.467,0.017064,5.8522,306.4951,295.8837,286.3996,298.1103
857,4.7567,0.011563,6.5209,306.668,295.9629,285.8646,296.57
858,3.7581,0.015594,4.093,306.5192,294.6555,286.3745,296.5244
859,4.034,0.006222,5.1148,306.5939,294.2685,285.5507,294.2179
860,4.4834,0.012049,6.0216,307.2442,295.9242,285.8073,296.6042
861,4.4623,0.005423,7.5449,308.0883,296.244,286.1322,296.7253
862,4.5659,0.015139,5.0858,308.0163,295.8774,285.7651,296.9053
863,4.1399,0.010156,7.1008,307.3904,295.6631,285.4534,297.8022
864,3.2092,0.019239,6.6489,307.2654,294.9174,285.8153,300.7644
865,4.8079,0.009862,4.4611,307.9454,295.1642,285.243,293.41
866,4.7311,0.013457,5.1735,307.7779,295.8099,285.9626,296.1287
867,4.5962,0.008861,4.9515,306.4507,294.7905,285.8999,294.0271
868,3.1997,0.014302,5.7701,307.007,294.856,286.6713,298.8287
869,3.4088,0.012006,6.5413,307.3075,294.0694,285.3422,299.0859
870,4.4872,0.010559,5.7337,306.6203,295.4007,286.1981,296.0232
871,3.0463,0.008055,4.9781,306.8025,293.3068,285.9136,296.0119
872,4.9584,0.006673,6.7835,307.8923,296.2831,284.894,295.6422
873,3.7543,0.006798,6.3379,307.8994,294.8597,285.7067,296.6702
874,4.4386,0.019986,6.0773,307.9502,296.1768,285.1664,299.8191
875,4.7751,0.011185,6.2177,307.8854,295.8683,285.4192,296.8058
876,3.7893,0.005029,4.8876,306.4205,293.5154,285.5989,293.4393
877,3.6383,0.019294,6.7217,306.8766,295.2801,286.0018,300.3215
878,4.2175,0.0053,5.55,306.9835,294.7823,285.8842,294.2622
879,4.162,0.011279,5.4539,307.0637,294.6461,285.0768,295.9992
880,3.8183,0.015762,4.5989,307.1266,294.3625,285.4976,297.1419
881,4.2035,0.018719,6.3873,307.3681,295.9066,285.2987,299.6674
882,4.8708,0.015693,6.4107,306.5671,296.8247,286.0862,298.2133
883,3.9353,0.011954,5.3612,307.6019,294.8217,285.5209,296.8896
884,3.3935,0.019617,7.4394,306.6216,295.2676,286.0701,301.2934
885,3.7544,0.00559,7.3818,306.7248,294.6145,285.3875,296.9372
886,3.7882,0.019803,4.4362,306.4334,294.2978,285.1281,298.374
887,3.2622,0.017741,6.7802,306.3961,295.2763,287.063,300.352
888,3.3257,0.018934,5.5753,307.7332,294.3862,285.1907,300.1123
889,4.3691,0.008822,7.9989,307.0202,295.8613,285.0873,297.8495
890,3.679,0.007137,4.9001,306.4424,293.3119,285.4936,294.5631
891,4.9098,0.01495,5.1221,307.5582,296.834,287.0777,297.0422
892,3.4872,0.012738,5.7684,307.2172,294.5209,286.5368,298.1878
893,3.1978,0.012848,5.0749,305.9659,293.5707,286.2963,297.25
894,4.507,0.018869,6.768,306.6822,297.0258,286.8884,299.5674
895,4.7621,0.014301,5.9236,306.4119,295.5942,285.1988,296.76
896,3.5562,0.009666,4.8835,307.2739,294.7696,287.0399,295.8528
897,3.4042,0.011001,6.0255,306.3748,293.9453,285.4922,297.6034
898,3.3715,0.007002,7.5552,306.0531,294.4053,286.4715,297.8172
899,4.044,0.007885,7.1696,305.8649,295.0031,286.1468,296.5869
900,3.9368,0.00715,5.9953,307.1679,294.7352,285.7823,295.8625
901,3.5189,0.017154,5.154,306.2144,294.8414,287.0541,298.5145
902,3.0903,0.015573,4.7195,307.6451,293.5473,285.0259,298.4545
903,3.963,0.012955,7.5135,306.6189,295.9695,287.0972,298.7596
904,4.9187,0.010616,6.8407,307.1765,296.6392,286.0596,297.0506
905,4.305,0.015027,6.2887,307.0102,296.0538,286.329,298.1831
906,3.991,0.017194,7.5177,306.6685,296.2372,286.9433,300.1735
907,3.2214,0.018218,4.4868,305.9232,293.364,285.0674,298.1913
908,3.5049,0.013205,6.73,307.55,295.5053,286.7532,299.4668
909,3.5895,0.017298,4.8668,307.5007,294.7518,286.1361,298.6939
910,4.5296,0.01267,4.4823,306.0827,294.8953,286.2711,294.9602
911,4.7534,0.012118,5.8624,306.291,295.7239,285.2497,296.1168
912,4.8033,0.017981,5.5496,308.1791,296.8439,286.1502,298.5737
913,4.9691,0.010796,7.7647,307.2087,297.101,286.3761,297.7366
914,4.9647,0.010939,5.2959,306.2137,295.5789,286.2168,295.0565
915,4.906,0.009574,7.2596,306.4512,296.1332,285.1796,296.5043
916,3.1436,0.012781,6.9953,307.4621,294.4343,285.3726,299.554
917,3.2756,0.013173,6.6717,307.7768,295.0859,286.9823,299.5071
918,3.6089,0.014907,7.6816,307.2358,294.9228,285.2103,300.2237
919,4.1058,0.011458,5.6317,307.751,295.6786,286.555,296.9599
920,3.194,0.008268,5.5587,306.9141,294.4869,287.1643,296.7956
921,4.6916,0.018003,4.6438,306.6324,295.2453,284.8806,297.213
922,4.2335,0.01019,5.103,306.9592,294.4944,285.2147,295.0471
923,4.0847,0.018844,7.5191,306.7876,295.998,286.1966,300.1836
924,3.3306,0.00811,5.8975,306.5117,293.1593,285.1247,296.7947
925,3.5065,0.013401,5.3654,306.3429,293.9944,286.2243,297.2577
926,3.3206,0.013049,4.8644,306.5255,294.1065,286.5522,297.2932
927,4.7039,0.01743,5.9398,307.3155,296.8628,285.8397,298.5088
928,4.1685,0.007083,6.8667,305.9133,294.8993,285.6999,296.0268
929,4.4703,0.018649,5.1468,306.8521,296.1863,286.4756,298.4317
930,3.5921,0.012971,7.0309,307.2454,295.3483,286.3125,299.116
931,3.7425,0.013792,6.5192,307.2119,295.1829,285.2499,298.9786
932,3.8097,0.012652,7.1503,307.3524,295.6339,285.9837,299.3943
933,4.52,0.00554,5.0036,307.5455,295.2171,286.7082,293.2705
934,4.5447,0.012456,6.5241,307.3741,296.4216,285.8043,297.6441
935,3.4136,0.008953,4.6149,306.2083,293.5712,286.1399,294.9835
936,4.8831,0.01014,5.4552,307.0725,295.4502,285.7583,294.901
937,3.2413,0.014737,6.8974,307.0291,294.2112,285.3818,299.8732
938,4.7922,0.012465,6.5267,306.7156,295.8525,285.6464,296.867
939,3.2008,0.006398,4.7514,306.1189,292.5308,285.1216,294.5127
940,3.5291,0.006096,7.4334,306.3363,295.1225,287.233,297.3713
941,4.693,0.007785,4.2134,306.6345,294.3148,285.3953,292.1556
942,3.359,0.007863,6.3809,306.9113,294.4754,286.5894,297.2949
943,3.8271,0.014125,7.9353,306.5738,295.1069,285.1519,299.2162
944,3.8997,0.007667,6.126,307.6697,294.74,285.3329,296.4741
945,3.4905,0.018226,7.2027,307.954,295.4374,285.8806,301.0849
946,4.4205,0.008146,6.3807,306.4931,295.2752,285.2579,295.6754
947,4.7027,0.006367,7.1324,307.9368,296.6121,286.6021,296.4431
948,4.7492,0.018136,6.6224,306.0479,297.0387,287.0844,298.9972
949,3.6786,0.00943,6.7645,307.8202,295.1967,286.7016,297.9541
950,4.0617,0.011381,4.9112,307.937,294.816,285.4115,296.1002
951,3.4968,0.019385,6.9673,306.0202,295.5348,286.5882,300.2906
952,3.4896,0.019166,4.9516,307.4417,294.5024,285.3847,299.1906
953,3.3225,0.015724,7.9226,307.8957,295.7516,286.7595,301.3366
954,4.88,0.006034,4.9111,307.908,295.5042,285.9861,292.9442
955,4.776,0.0139,4.9467,307.7368,295.803,285.4907,296.2101
956,4.5547,0.019836,7.4347,307.281,296.6021,285.2425,300.3581
957,4.0353,0.019204,4.9719,306.2422,294.6668,284.9436,298.1968
958,3.9812,0.00659,5.4436,307.6138,294.7675,285.5095,294.8606
959,4.0595,0.01094,6.8586,307.4131,295.9308,287.041,298.185
960,4.0731,0.009733,4.635,307.2379,294.6347,286.9379,294.8768
961,3.8691,0.006946,4.6363,306.7859,294.5766,287.0449,294.1186
962,3.2635,0.015422,5.9454,307.0443,294.1229,285.0236,299.2945
963,3.2513,0.009108,4.9748,306.3037,293.6051,286.1624,295.8763
964,4.9045,0.010173,4.9426,307.3493,295.6029,285.7378,294.2966
965,3.9641,0.006355,4.037,306.2331,293.4555,286.0871,291.858
966,4.9064,0.01247,5.4818,307.2643,295.9742,285.3201,296.2677
967,3.3272,0.007373,5.273,307.7531,293.8025,285.2384,295.787
968,4.1088,0.011481,4.1246,306.9446,294.7317,286.0429,294.6811
969,3.4154,0.00715,6.4849,306.9477,294.0334,285.5488,297.0187
970,3.5064,0.019308,6.5066,306.5209,295.2396,285.9451,300.5304
971,3.0601,0.007175,4.2832,307.8361,293.6465,286.3427,295.125
972,3.2379,0.012828,5.2682,307.486,293.7233,285.2561,297.7932
973,4.8337,0.007955,7.4912,306.8819,296.628,286.6367,296.3946
974,3.6431,0.006145,6.3287,306.0906,294.3751,285.8387,296.0807
975,4.2163,0.008035,5.6479,306.4596,295.0962,286.7048,295.2036
976,3.93,0.005822,5.8604,306.5214,294.72,286.3716,295.4484
977,3.8009,0.007091,4.8331,308.1381,294.407,286.3675,294.4282
978,4.0638,0.012402,7.2475,307.6963,296.3016,286.4849,298.8206
979,3.3745,0.014777,7.656,306.6376,295.3268,286.9239,300.0879
980,4.9772,0.00631,7.6427,307.6667,297.0528,286.3496,296.4281
981,4.6366,0.011615,4.8957,306.7037,295.2731,285.8061,294.9033
982,4.4832,0.013719,5.243,307.6639,295.6008,285.272,296.5882
983,3.9375,0.008513,4.6425,306.7659,294.2336,286.2922,294.5043
984,3.3058,0.010581,5.2288,307.17,293.5759,284.9447,296.8451
985,4.8413,0.006078,5.3312,307.63,295.5021,285.5456,293.4264
986,3.6828,0.008302,6.5324,306.5007,294.2765,284.951,296.8545
987,3.1002,0.012001,4.7586,307.4908,293.5145,286.2005,296.9858
988,3.6848,0.019857,7.6776,307.957,295.6111,285.5354,301.4152
989,4.5889,0.019944,4.4124,306.0537,295.8667,286.1588,297.7678
990,4.2454,0.019694,4.0275,306.2557,295.0946,286.4263,297.7025
991,4.5017,0.011346,7.4198,307.4687,296.9021,286.8092,298.1389
992,4.5873,0.00621,6.8151,306.3154,295.5492,285.8397,295.6561
993,3.4239,0.009854,5.4214,306.2119,293.7243,286.0191,296.6913
994,4.8476,0.008566,6.382,306.7381,295.9185,286.2674,295.5924
995,3.876,0.005212,4.8942,307.3303,294.4239,286.0149,293.6764
996,4.278,0.006429,4.6736,306.3984,294.6722,286.3066,293.2141
997,3.0046,0.011798,5.8846,306.8041,293.3156,285.3432,298.4816
998,4.9867,0.010095,5.4128,307.9108,296.232,287.041,295.2063
999,3.5618,0.007705,6.4609,306.8851,294.2152,284.9937,296.9054
